{
  "version": 1,
  "author": "Sittinon",
  "editor": "wokwi",
  "parts": [
    { "type": "board-esp32-devkit-c-v4", "id": "esp1", "top": 115.2, "left": -91.16, "attrs": {} },
    {
      "type": "board-ili9341-cap-touch",
      "id": "lcd1",
      "top": -325.64,
      "left": -125.18,
      "attrs": {}
    },
    { "type": "wokwi-dht22", "id": "dht1", "top": -249.3, "left": -264.6, "attrs": {} },
    {
      "type": "wokwi-ds1307",
      "id": "rtc1",
      "top": -119.9,
      "left": -223.6,
      "rotate": 270,
      "attrs": {}
    }
  ],
  "connections": [
    [ "lcd1:VCC", "esp1:3V3", "red", [ "v19.2", "h-38.4", "v19.2", "h35.51" ] ],
    [ "lcd1:GND", "esp1:GND.2", "black", [ "v144", "h86.4" ] ],
    [ "lcd1:CS", "esp1:5", "orange", [ "v9.6", "h86.4", "v259.2" ] ],
    [ "lcd1:D/C", "esp1:15", "orange", [ "v9.6", "h67.2", "v316.8" ] ],
    [ "lcd1:MOSI", "esp1:23", "orange", [ "v9.6", "h57.6", "v182.4" ] ],
    [ "lcd1:SCK", "esp1:18", "orange", [ "v9.6", "h48", "v249.6" ] ],
    [ "esp1:19", "lcd1:MISO", "orange", [ "h9.6", "v-240", "h-28.8" ] ],
    [ "esp1:22", "lcd1:SCL", "orange", [ "h9.6", "v-192", "h-19.2" ] ],
    [ "esp1:21", "lcd1:SDA", "orange", [ "h9.6", "v-220.8", "h-9.6" ] ],
    [ "dht1:VCC", "esp1:3V3", "red", [ "v0" ] ],
    [ "dht1:GND", "esp1:GND.2", "black", [ "v240", "h230.4" ] ],
    [ "dht1:SDA", "esp1:2", "cyan", [ "v230.4", "h268.9", "v182.4" ] ],
    [ "rtc1:GND", "esp1:GND.2", "black", [ "v144", "h211.2" ] ],
    [ "rtc1:5V", "esp1:5V", "red", [ "v0" ] ],
    [ "rtc1:SDA", "esp1:21", "#8f4814", [ "v134.4", "h220.5", "v96" ] ],
    [ "rtc1:SCL", "esp1:22", "#8f4814", [ "v134.4", "h211", "v67.2" ] ]
  ],
  "dependencies": {}
}